<?xml version="1.0" encoding="UTF-8"?>
<project-private xmlns="http://www.netbeans.org/ns/project-private/1">
    <editor-bookmarks xmlns="http://www.netbeans.org/ns/editor-bookmarks/2" lastBookmarkId="0"/>
    <open-files xmlns="http://www.netbeans.org/ns/projectui-open-files/2">
        <group>
            <file>file:/C:/Users/TamasiT/Documents/NetBeansProjects/PhoneBook/src/phonebook/ViewController.java</file>
            <file>file:/C:/Users/TamasiT/Documents/NetBeansProjects/PhoneBook/src/phonebook/View.fxml</file>
            <file>file:/C:/Users/TamasiT/Documents/NetBeansProjects/PhoneBook/src/phonebook/DB.java</file>
            <file>file:/C:/Users/TamasiT/Documents/NetBeansProjects/PhoneBook/src/phonebook/Person.java</file>
            <file>file:/C:/Users/TamasiT/Documents/NetBeansProjects/PhoneBook/src/phonebook/PhoneBook.java</file>
            <file>file:/C:/Users/TamasiT/Documents/NetBeansProjects/PhoneBook/src/phonebook/PdfGeneration.java</file>
        </group>
    </open-files>
</project-private>
